Title,Date
"Modern Family: Season 3: When Good Kids Go Bad","28/12/2020"
"Modern Family: Season 3: Dude Ranch","28/12/2020"
"Modern Family: Season 2: The One That Got Away","28/12/2020"
"Modern Family: Season 2: See You Next Fall","27/12/2020"
"Modern Family: Season 2: Good Cop, Bad Dog","24/12/2020"
"Modern Family: Season 2: Mother's Day","23/12/2020"
"Modern Family: Season 2: Someone to Watch Over Lily","23/12/2020"
"Modern Family: Season 2: The Musical Man","23/12/2020"
"Modern Family: Season 2: Boys' Night","23/12/2020"
"Modern Family: Season 2: Two Monkeys and a Panda","22/12/2020"
"Modern Family: Season 2: Regrets Only","21/12/2020"
"Modern Family: Season 2: Princess Party","21/12/2020"
"Modern Family: Season 2: Bixby's Back","21/12/2020"
"Modern Family: Season 2: Caught in the Act","21/12/2020"
"Modern Family: Season 2: Our Children, Ourselves","21/12/2020"
"Modern Family: Season 2: Slow Down Your Neighbors","20/12/2020"
"Modern Family: Season 2: Dance Dance Revelation","20/12/2020"
"Modern Family: Season 2: Mother Tucker","17/12/2020"
"Modern Family: Season 2: Manny Get Your Gun","17/12/2020"
"Modern Family: Season 2: Chirp","16/12/2020"
"Modern Family: Season 2: Halloween","16/12/2020"
"Modern Family: Season 2: Unplugged","16/12/2020"
"Modern Family: Season 2: Strangers on a Treadmill","15/12/2020"
"Modern Family: Season 2: Earthquake","15/12/2020"
"Modern Family: Season 2: The Kiss","15/12/2020"
"Modern Family: Season 2: The Old Wagon","15/12/2020"
"Modern Family: Season 1: Family Portrait","15/12/2020"
"Modern Family: Season 1: Hawaii","15/12/2020"
"Modern Family: Season 1: Airport 2010","14/12/2020"
"Modern Family: Season 1: Travels with Scout","14/12/2020"
"Modern Family: Season 1: Benched","13/12/2020"
"Modern Family: Season 1: Game Changer","12/12/2020"
"Modern Family: Season 1: Starry Night","12/12/2020"
"Modern Family: Season 1: Truth Be Told","12/12/2020"
"Modern Family: Season 1: Fears","12/12/2020"
"Modern Family: Season 1: My Funky Valentine","11/12/2020"
"Modern Family: Season 1: Moon Landing","11/12/2020"
"Modern Family: Season 1: Fifteen Percent","11/12/2020"
"Modern Family: Season 1: Not in My House","10/12/2020"
"Modern Family: Season 1: Up All Night","10/12/2020"
"Modern Family: Season 1: Undeck the Halls","10/12/2020"
"Modern Family: Season 1: Fizbo","10/12/2020"
"Modern Family: Season 1: Great Expectations","10/12/2020"
"Modern Family: Season 1: En Garde","10/12/2020"
"Modern Family: Season 1: Run for Your Wife","10/12/2020"
"Modern Family: Season 1: Coal Digger","10/12/2020"
"Modern Family: Season 1: The Incident","09/12/2020"
"Modern Family: Season 1: Come Fly with Me","09/12/2020"
"Modern Family: Season 1: The Bicycle Thief","09/12/2020"
"Modern Family: Season 1: Pilot","09/12/2020"
"Brooklyn Nine-Nine: Season 3: The Cruise","09/12/2020"
"Brooklyn Nine-Nine: Season 3: 9 Days","09/12/2020"
"Brooklyn Nine-Nine: Season 3: Hostage Situation","07/12/2020"
"Brooklyn Nine-Nine: Season 3: Yippie Kayak","07/12/2020"
"Brooklyn Nine-Nine: Season 3: The Swedes","05/12/2020"
"Brooklyn Nine-Nine: Season 3: Ava","05/12/2020"
"Brooklyn Nine-Nine: Season 3: The Mattress","05/12/2020"
"Brooklyn Nine-Nine: Season 3: Into the Woods","05/12/2020"
"Brooklyn Nine-Nine: Season 3: Halloween Part III","05/12/2020"
"Brooklyn Nine-Nine: Season 3: The Oolong Slayer","05/12/2020"
"Alien Worlds: Season 1: Atlas","03/12/2020"
"Brooklyn Nine-Nine: Season 3: Boyle's Hunch","01/12/2020"
"Glitch Techs: Season 2: The Real Glitch Techs","30/11/2020"
"Glitch Techs: Season 2: Find the Glitch","30/11/2020"
"Glitch Techs: Season 2: The New Recruit","30/11/2020"
"Glitch Techs: Season 1: Adventures in Pet Training","30/11/2020"
"Glitch Techs: Season 1: Karate Trainer","30/11/2020"
"Glitch Techs: Season 2: BUDS","30/11/2020"
"Glitch Techs: Season 2: Ralphie Bear Is Back","30/11/2020"
"Glitch Techs: Season 2: Ping","29/11/2020"
"Glitch Techs: Season 2: The Glitch Modder","28/11/2020"
"Brooklyn Nine-Nine: Season 3: The Funeral","28/11/2020"
"Brooklyn Nine-Nine: Season 3: New Captain","28/11/2020"
"Brooklyn Nine-Nine: Season 5: The Box","27/11/2020"
"Brooklyn Nine-Nine: Season 5: The Negotiation","27/11/2020"
"Brooklyn Nine-Nine: Season 5: Safe House","27/11/2020"
"Brooklyn Nine-Nine: Season 5: The Favor","27/11/2020"
"Brooklyn Nine-Nine: Season 4: The Fugitive: Part 1","27/11/2020"
"Brooklyn Nine-Nine: Season 4: Captain Latvia","27/11/2020"
"Brooklyn Nine-Nine: Season 1: The Apartment","26/11/2020"
"Brooklyn Nine-Nine: Season 1: Full Boyle","26/11/2020"
"Brooklyn Nine-Nine: Season 1: Tactical Village","26/11/2020"
"Brooklyn Nine-Nine: Season 1: The Party","26/11/2020"
"Glitch Techs: Season 1: Collection Quest","25/11/2020"
"Glitch Techs: Season 1: Alpha Leader","25/11/2020"
"Glitch Techs: Season 1: Castle Crawl","25/11/2020"
"Glitch Techs: Season 1: Smashozaurs","25/11/2020"
"Brooklyn Nine-Nine: Season 1: Operation: Broken Feather","23/11/2020"
"Glitch Techs: Season 1: Going, Going, Gauntlet!","23/11/2020"
"Glitch Techs: Season 1: Tutorial Mode","22/11/2020"
"Glitch Techs: Season 1: Age of Hinobi","22/11/2020"
"Brooklyn Nine-Nine: Season 6: The Honeypot","19/11/2020"
"Brooklyn Nine-Nine: Season 6: The Crime Scene","19/11/2020"
"Brooklyn Nine-Nine: Season 6: A Tale of Two Bandits","19/11/2020"
"Brooklyn Nine-Nine: Season 6: Four Movements","19/11/2020"
"Brooklyn Nine-Nine: Season 6: The Tattler","19/11/2020"
"Brooklyn Nine-Nine: Season 6: Hitchcock & Scully","19/11/2020"
"Brooklyn Nine-Nine: Season 6: Honeymoon","19/11/2020"
"Brooklyn Nine-Nine: Season 5: Jake & Amy","19/11/2020"
"Brooklyn Nine-Nine: Season 5: White Whale","19/11/2020"
"Brooklyn Nine-Nine: Season 5: Show Me Going","19/11/2020"
"Brooklyn Nine-Nine: Season 5: Bachelor/ette Party","19/11/2020"
"Brooklyn Nine-Nine: Season 5: Gray Star Mutual","18/11/2020"
"Brooklyn Nine-Nine: Season 5: DFW","17/11/2020"
"Brooklyn Nine-Nine: Season 5: NutriBoom","17/11/2020"
"Brooklyn Nine-Nine: Season 5: The Puzzle Master","17/11/2020"
"Inglourious Basterds","15/11/2020"
"The IT Crowd: Series 5: The Final Episode","03/11/2020"
"The IT Crowd: Series 4: Reynholm vs Reynholm","03/11/2020"
"The IT Crowd: Series 4: Bad Boys","03/11/2020"
"The IT Crowd: Series 4: Italian for Beginners","03/11/2020"
"The IT Crowd: Series 4: Something Happened","03/11/2020"
"The IT Crowd: Series 1: Yesterday's Jam","02/11/2020"
"The IT Crowd: Series 4: The Final Countdown","02/11/2020"
"The IT Crowd: Series 3: Calendar Geeks","02/11/2020"
"The IT Crowd: Series 4: Jen the Fredo","02/11/2020"
"The IT Crowd: Series 3: Friendface","02/11/2020"
"The IT Crowd: Series 3: The Speech","02/11/2020"
"The IT Crowd: Series 3: Tramps Like Us","02/11/2020"
"The IT Crowd: Series 3: Are We Not Men?","01/11/2020"
"The IT Crowd: Series 3: From Hell","01/11/2020"
"The IT Crowd: Series 2: Men Without Women","01/11/2020"
"The IT Crowd: Series 2: Smoke and Mirrors","01/11/2020"
"The IT Crowd: Series 2: The Dinner Party","01/11/2020"
"The IT Crowd: Series 2: Moss and the German","01/11/2020"
"The IT Crowd: Series 2: Return of the Golden Child","31/10/2020"
"The IT Crowd: Series 2: The Work Outing","31/10/2020"
"The IT Crowd: Series 1: Aunt Irma Visits","31/10/2020"
"The IT Crowd: Series 1: The Haunting of Bill Crouse","31/10/2020"
"Blood of Zeus: Season 1: Past is Prologue","31/10/2020"
"Blood of Zeus: Season 1: A Call to Arms","31/10/2020"
"The IT Crowd: Series 1: The Red Door","31/10/2020"
"The IT Crowd: Series 1: Fifty-Fifty","31/10/2020"
"The IT Crowd: Series 1: Calamity Jen","31/10/2020"
"Trollhunters: Tales of Arcadia: Part 1: Becoming: Part 1","28/10/2020"
"Bad Teacher","23/10/2020"
"V for Vendetta","21/10/2020"
"Kakegurui: Kakegurui xx: The Zero Girl","21/10/2020"
"Kakegurui: Kakegurui xx: The X Girl","21/10/2020"
"Kakegurui: Kakegurui xx: The Logical Girl","21/10/2020"
"Kakegurui: Kakegurui xx: The Adjacent Girl","21/10/2020"
"Kakegurui: Episode 3","21/10/2020"
"FullMetal Alchemist","19/10/2020"
"Kakegurui: Kakegurui xx: The Undefeatable Girl","15/10/2020"
"Kakegurui: Kakegurui xx: The Traitorous Girl","15/10/2020"
"Kakegurui: Kakegurui xx: The Hollywood Girl","09/10/2020"
"Kakegurui: Kakegurui xx: The Changing Girl","08/10/2020"
"Kakegurui: Kakegurui xx: The Connected Girls","08/10/2020"
"Fullmetal Alchemist: Brotherhood: Part 5: The Other Side of the Gateway","05/10/2020"
"Fullmetal Alchemist: Brotherhood: Part 5: Journey's End","05/10/2020"
"Fullmetal Alchemist: Brotherhood: Part 5: The Adults' Way of Life","05/10/2020"
"Fullmetal Alchemist: Brotherhood: Part 5: A Fierce Counterattack","05/10/2020"
"Fullmetal Alchemist: Brotherhood: Part 5: He Who Would Swallow God","05/10/2020"
"Fullmetal Alchemist: Brotherhood: Part 5: Eye of Heaven, Gateway of Earth","05/10/2020"
"Fullmetal Alchemist: Brotherhood: Part 5: Lost Light","05/10/2020"
"Fullmetal Alchemist: Brotherhood: Part 5: Sacrifices","05/10/2020"
"Fullmetal Alchemist: Brotherhood: Part 5: Eternal Leave","05/10/2020"
"Fullmetal Alchemist: Brotherhood: Part 5: The Return of the Fuhrer","05/10/2020"
"Fullmetal Alchemist: Brotherhood: Part 5: Beyond the Inferno","05/10/2020"
"Fullmetal Alchemist: Brotherhood: Part 5: Flame of Vengeance","05/10/2020"
"Fullmetal Alchemist: Brotherhood: Part 4: Combined Strength","05/10/2020"
"Fullmetal Alchemist: Brotherhood: Part 4: The Immortal Legion","05/10/2020"
"Fullmetal Alchemist: Brotherhood: Part 4: Upheaval in Central","05/10/2020"
"Fullmetal Alchemist: Brotherhood: Part 4: Filial Affection","05/10/2020"
"Fullmetal Alchemist: Brotherhood: Part 4: The Oath in the Tunnel","05/10/2020"
"Fullmetal Alchemist: Brotherhood: Part 4: Emissary of Darkness","05/10/2020"
"Fullmetal Alchemist: Brotherhood: Part 4: Looming Shadows","05/10/2020"
"Fullmetal Alchemist: Brotherhood: Part 4: The Promised Day","05/10/2020"
"Fullmetal Alchemist: Brotherhood: Part 4: Revving at Full-throttle","05/10/2020"
"Fullmetal Alchemist: Brotherhood: Part 4: Bite of the Ant","05/10/2020"
"Fullmetal Alchemist: Brotherhood: Part 4: Signs of a Counter Offensive","05/10/2020"
"Fullmetal Alchemist: Brotherhood: Part 4: The Abyss","04/10/2020"
"Fullmetal Alchemist: Brotherhood: Part 4: The Dwarf in the Flask","04/10/2020"
"Fullmetal Alchemist: Brotherhood: Part 3: Daydream","04/10/2020"
"Fullmetal Alchemist: Brotherhood: Part 3: Conflict at Baschool","04/10/2020"
"Fullmetal Alchemist: Brotherhood: Part 3: The First Homunculus","04/10/2020"
"Fullmetal Alchemist: Brotherhood: Part 3: Family Portrait","04/10/2020"
"Fullmetal Alchemist: Brotherhood: Part 3: The Shape of This Country","04/10/2020"
"Fullmetal Alchemist: Brotherhood: Part 3: Ice Queen","04/10/2020"
"Fullmetal Alchemist: Brotherhood: Part 3: The Northern Wall of Briggs","04/10/2020"
"Fullmetal Alchemist: Brotherhood: Part 3: The Fuhrer's Son","03/10/2020"
"Fullmetal Alchemist: Brotherhood: Part 3: The 520 Cens Promise","03/10/2020"
"Fullmetal Alchemist: Brotherhood: Part 3: The Ishvalan War of Extermination","03/10/2020"
"Fullmetal Alchemist: Brotherhood: Part 3: Struggle of the Fool","03/10/2020"
"Fullmetal Alchemist: Brotherhood: Part 3: Father","03/10/2020"
"Fullmetal Alchemist: Brotherhood: Part 3: Interlude Party","03/10/2020"
"Fullmetal Alchemist: Brotherhood: Part 2: Reunion","03/10/2020"
"Fullmetal Alchemist: Brotherhood: Part 2: Doorway of Darkness","03/10/2020"
"Fullmetal Alchemist: Brotherhood: Part 2: Inside the Belly","03/10/2020"
"Fullmetal Alchemist: Brotherhood: Part 2: Girl on the Battlefield","03/10/2020"
"Easy A","02/10/2020"
"John Mulaney: The Comeback Kid","30/09/2020"
"Kakegurui: Kakegurui xx: The Untouchable Girl","29/09/2020"
"Kakegurui: Kakegurui xx: The Momobami Clan Girls","29/09/2020"
"Kakegurui: Kakegurui xx: Compulsive Gambling Girls Redux","29/09/2020"
"Total Drama: Island: Not Quite Famous","29/09/2020"
"Total Drama: Action: Monster Cash!","29/09/2020"
"John Mulaney: Kid Gorgeous at Radio City","29/09/2020"
"BoJack Horseman: Season 6: Nice While It Lasted","28/09/2020"
"BoJack Horseman: Season 6: The View from Halfway Down","28/09/2020"
"BoJack Horseman: Season 6: Angela","28/09/2020"
"BoJack Horseman: Season 6: The Horny Unicorn","28/09/2020"
"BoJack Horseman: Season 6: Xerox of a Xerox","28/09/2020"
"BoJack Horseman: Season 2: Escape from L.A.","27/09/2020"
"BoJack Horseman: Season 6: Sunk Cost and All That","27/09/2020"
"BoJack Horseman: Season 6: Good Damage","27/09/2020"
"BoJack Horseman: Season 6: Intermediate Scene Study w/ BoJack Horseman","27/09/2020"
"BoJack Horseman: Season 2: Out to Sea","27/09/2020"
"BoJack Horseman: Season 6: A Quick One, While He's Away","27/09/2020"
"BoJack Horseman: Season 6: The Face of Depression","27/09/2020"
"BoJack Horseman: Season 6: The Kidney Stays in the Picture","27/09/2020"
"BoJack Horseman: Season 6: A Little Uneven, Is All","27/09/2020"
"BoJack Horseman: Season 6: Surprise!","27/09/2020"
"BoJack Horseman: Season 6: Feel-Good Story","26/09/2020"
"BoJack Horseman: Season 6: The New Client","26/09/2020"
"BoJack Horseman: Season 6: A Horse Walks into a Rehab","26/09/2020"
"BoJack Horseman: Season 5: The Stopped Show","26/09/2020"
"BoJack Horseman: Season 5: The Showstopper","23/09/2020"
"BoJack Horseman: Season 5: Head in the Clouds","23/09/2020"
"BoJack Horseman: Season 5: Ancient History","23/09/2020"
"BoJack Horseman: Season 5: Mr. Peanutbutter's Boos","23/09/2020"
"BoJack Horseman: Season 5: INT. SUB","22/09/2020"
"BoJack Horseman: Season 5: Free Churro","22/09/2020"
"BoJack Horseman: Season 5: The Amelia Earhart Story","22/09/2020"
"BoJack Horseman: Season 5: BoJack the Feminist","21/09/2020"
"BoJack Horseman: Season 5: Planned Obsolescence","21/09/2020"
"BoJack Horseman: Season 5: The Dog Days Are Over","21/09/2020"
"BoJack Horseman: Season 5: The Light Bulb Scene","21/09/2020"
"BoJack Horseman: Season 4: What Time Is It Right Now","21/09/2020"
"BoJack Horseman: Season 4: Time's Arrow","21/09/2020"
"BoJack Horseman: Season 4: lovin that cali lifestyle!!","21/09/2020"
"BoJack Horseman: Season 4: Ruthie","21/09/2020"
"BoJack Horseman: Season 4: The Judge","21/09/2020"
"BoJack Horseman: Season 4: Underground","21/09/2020"
"BoJack Horseman: Season 4: The Old Sugarman Place","21/09/2020"
"BoJack Horseman: Season 4: Stupid Piece of Sh*t","21/09/2020"
"BoJack Horseman: Season 4: Thoughts and Prayers","21/09/2020"
"BoJack Horseman: Season 4: Commence Fracking","20/09/2020"
"BoJack Horseman: Season 4: Hooray! Todd Episode!","20/09/2020"
"BoJack Horseman: Season 4: See Mr. Peanutbutter Run","20/09/2020"
"BoJack Horseman: Season 3: That Went Well","20/09/2020"
"BoJack Horseman: Season 3: That's Too Much, Man!","19/09/2020"
"BoJack Horseman: Season 3: It's You","19/09/2020"
"BoJack Horseman: Season 3: Best Thing That Ever Happened","19/09/2020"
"BoJack Horseman: Season 3: Old Acquaintance","19/09/2020"
"BoJack Horseman: Season 3: Stop the Presses","19/09/2020"
"BoJack Horseman: Season 3: Brrap Brrap Pew Pew","19/09/2020"
"BoJack Horseman: Season 3: Love And/Or Marriage","19/09/2020"
"BoJack Horseman: Season 3: Fish Out Of Water","19/09/2020"
"BoJack Horseman: Season 3: BoJack Kills","19/09/2020"
"BoJack Horseman: Season 3: The BoJack Horseman Show","18/09/2020"
"BoJack Horseman: Season 3: Start Spreading the News","18/09/2020"
"BoJack Horseman: Season 2: Yes And","18/09/2020"
"BoJack Horseman: Season 2: The Shot","18/09/2020"
"BoJack Horseman: Season 2: Let's Find Out","17/09/2020"
"BoJack Horseman: Season 2: Hank After Dark","17/09/2020"
"BoJack Horseman: Season 2: Higher Love","17/09/2020"
"BoJack Horseman: Season 2: Chickens","17/09/2020"
"BoJack Horseman: Season 2: After the Party","17/09/2020"
"BoJack Horseman: Season 2: Still Broken","17/09/2020"
"BoJack Horseman: Season 2: Yesterdayland","17/09/2020"
"BoJack Horseman: Season 2: Brand New Couch","16/09/2020"
"BoJack Horseman: Season 1: Later","16/09/2020"
"BoJack Horseman: Season 1: Downer Ending","16/09/2020"
"BoJack Horseman: Season 1: One Trick Pony","16/09/2020"
"BoJack Horseman: Season 1: Horse Majeure","15/09/2020"
"BoJack Horseman: Season 1: The Telescope","15/09/2020"
"BoJack Horseman: Season 1: Say Anything","15/09/2020"
"BoJack Horseman: Season 1: Our A-Story Is a 'D' Story","15/09/2020"
"BoJack Horseman: Season 1: Live Fast, Diane Nguyen","15/09/2020"
"BoJack Horseman: Season 1: Zoës and Zeldas","15/09/2020"
"BoJack Horseman: Season 1: Prickly-Muffin","13/09/2020"
"BoJack Horseman: Season 1: BoJack Hates the Troops","13/09/2020"
"BoJack Horseman: Season 1: BoJack Horseman: The BoJack Horseman Story, Chapter One","13/09/2020"
"Fate/Zero: Season 1: Spearhead","11/09/2020"
"Kakegurui: Episode 12","07/09/2020"
"Kakegurui: Episode 11","07/09/2020"
"Kakegurui: Episode 10","07/09/2020"
"Kakegurui: Episode 9","07/09/2020"
"Kakegurui: Episode 8","07/09/2020"
"Kakegurui: Episode 7","07/09/2020"
"Kakegurui: Episode 6","07/09/2020"
"Kakegurui: Episode 5","07/09/2020"
"Kakegurui: Episode 4","07/09/2020"
"Kakegurui: Episode 2","07/09/2020"
"Kakegurui: Episode 1","07/09/2020"
"Friends: Season 10: The Last One: Part 1 & Part 2","07/09/2020"
"Friends: Season 10: The One with Rachel's Going Away Party","07/09/2020"
"Friends: Season 10: The One Where Estelle Dies","07/09/2020"
"Friends: Season 10: The One with Princess Consuela","07/09/2020"
"Friends: Season 10: The One Where Joey Speaks French","07/09/2020"
"Friends: Season 10: The One with Phoebe's Wedding","05/09/2020"
"Friends: Season 10: The One Where the Stripper Cries","05/09/2020"
"Friends: Season 10: The One Where Chandler Gets Caught","04/09/2020"
"Friends: Season 10: The One with the Birth Mother","04/09/2020"
"Friends: Season 10: The One with the Late Thanksgiving","04/09/2020"
"Friends: Season 10: The One with The Home Study","04/09/2020"
"Friends: Season 10: The One with Ross's Grant","04/09/2020"
"Friends: Season 10: The One Where Rachel's Sister Babysits","04/09/2020"
"Friends: Season 10: The One with the Cake","03/09/2020"
"Friends: Season 10: The One with Ross's Tan","03/09/2020"
"Friends: Season 10: The One Where Ross Is Fine","03/09/2020"
"Friends: Season 10: The One After Joey and Rachel Kiss","03/09/2020"
"Friends: Season 9: The One in Barbados: Part 2","01/09/2020"
"Friends: Season 9: The One in Barbados: Part 1","01/09/2020"
"Friends: Season 9: The One with the Donor","01/09/2020"
"Friends: Season 9: The One with the Fertility Test","01/09/2020"
"Friends: Season 9: The One with the Soap Opera Party","01/09/2020"
"Friends: Season 9: The One with Rachel's Dream","01/09/2020"
"Friends: Season 9: The One with the Lottery","01/09/2020"
"Space Force: Season 1: PROPORTIONATE RESPONSE","31/08/2020"
"Space Force: Season 1: IT’S GOOD TO BE BACK ON THE MOON","31/08/2020"
"Space Force: Season 1: CONJUGAL VISIT","31/08/2020"
"Space Force: Season 1: EDISON JAYMES","31/08/2020"
"Space Force: Season 1: THE SPY","31/08/2020"
"Space Force: Season 1: SPACE FLAG","30/08/2020"
"Space Force: Season 1: LUNAR HABITAT","30/08/2020"
"Space Force: Season 1: MARK AND MALLORY GO TO WASHINGTON","30/08/2020"
"Space Force: Season 1: SAVE EPSILON 6!","30/08/2020"
"Space Force: Season 1: THE LAUNCH","30/08/2020"
"Friends: Season 9: The One with the Memorial Service","27/08/2020"
"Friends: Season 9: The One with the Boob Job","27/08/2020"
"Friends: Season 9: The One with the Mugging","27/08/2020"
"Friends: Season 9: The One with the Blind Dates","27/08/2020"
"Friends: Season 9: The One Where Monica Sings","27/08/2020"
"Friends: Season 9: The One with Phoebe's Rats","27/08/2020"
"Friends: Season 9: The One Where Rachel Goes Back to Work","27/08/2020"
"Friends: Season 9: The One with Christmas in Tulsa","27/08/2020"
"Total Drama: Island: DodgeBrawl","27/08/2020"
"Total Drama: Island: The Very Last Episode, Really!","24/08/2020"
"Total Drama: Island: Triple Dog Dare You","24/08/2020"
"Total Drama: Island: Are We There, Yeti?!","24/08/2020"
"Total Drama: Island: Camp Castaways","24/08/2020"
"Total Drama: Island: Haute Camp-ture","24/08/2020"
"Total Drama: Island: Trial by Tri-Armed Triathalon","23/08/2020"
"Total Drama: Island: Wawanakwa Gone Wild!","23/08/2020"
"Total Drama: Island: Hook, Line and Screamer","23/08/2020"
"Total Drama: Island: That's Off the Chain!","23/08/2020"
"Total Drama: Island: Hide and Be Sneaky","23/08/2020"
"Total Drama: Island: Search and Do Not Destroy","23/08/2020"
"Total Drama: Island: No Pain, No Game","23/08/2020"
"Total Drama: Island: Bunch of Disgustingness","23/08/2020"
"Total Drama: Island: X-Treme Torture","23/08/2020"
"Total Drama: Island: Basic Straining","23/08/2020"
"Total Drama: Island: Who Can You Trust?","22/08/2020"
"Total Drama: Island: If You Can't Take the Heat...","22/08/2020"
"Total Drama: Island: Paintball Deer Hunter","22/08/2020"
"Total Drama: Island: Up the Creek","22/08/2020"
"Total Drama: Island: Phobia Factor","22/08/2020"
"Total Drama: Island: The Sucky Outdoors","22/08/2020"
"Total Drama: Island: The Big Sleep","22/08/2020"
"Total Drama: Island: The Not So Great Outdoors: Part 2","22/08/2020"
"Total Drama: Island: The Not So Great Outdoors: Part 1","22/08/2020"
"Pete Davidson: Alive From New York","19/08/2020"
"Fullmetal Alchemist: Brotherhood: Part 2: Backs in the Distance","07/08/2020"
"Fullmetal Alchemist: Brotherhood: Part 2: Advance of the Fool","07/08/2020"
"Fullmetal Alchemist: Brotherhood: Part 2: Father Before the Grave","07/08/2020"
"Fullmetal Alchemist: Brotherhood: Part 2: Death of the Undying","07/08/2020"
"The Umbrella Academy: Season 2: The End of Something","02/08/2020"
"The Umbrella Academy: Season 2: 743","02/08/2020"
"The Umbrella Academy: Season 2: The Seven Stages","02/08/2020"
"The Umbrella Academy: Season 2: Öga for Öga","02/08/2020"
"The Umbrella Academy: Season 2: A Light Supper","02/08/2020"
"The Umbrella Academy: Season 2: Valhalla","02/08/2020"
"The Umbrella Academy: Season 2: The Majestic 12","02/08/2020"
"The Umbrella Academy: Season 2: The Swedish Job","02/08/2020"
"The Umbrella Academy: Season 2: The Frankel Footage","02/08/2020"
"The Umbrella Academy: Season 2: Right Back Where We Started","02/08/2020"
"The Umbrella Academy: Season 1: The White Violin","02/08/2020"
"The Umbrella Academy: Season 1: Changes","02/08/2020"
"The Umbrella Academy: Season 1: I Heard a Rumor","02/08/2020"
"The Umbrella Academy: Season 1: The Day That Was","02/08/2020"
"The Umbrella Academy: Season 1: The Day That Wasn't","02/08/2020"
"The Umbrella Academy: Season 1: Number Five","02/08/2020"
"The Umbrella Academy: Season 1: Man on the Moon","02/08/2020"
"The Umbrella Academy: Season 1: Extra Ordinary","02/08/2020"
"The Umbrella Academy: Season 1: Run Boy Run","02/08/2020"
"Fullmetal Alchemist: Brotherhood: Part 2: The Arrogant Palm of a Small Human","21/07/2020"
"Fullmetal Alchemist: Brotherhood: Part 2: Cold Flame","21/07/2020"
"Fullmetal Alchemist: Brotherhood: Part 2: Footsteps of a Comrade-in-Arms","21/07/2020"
"Friends: Season 9: The One with Rachel's Phone Number","19/07/2020"
"Brooklyn Nine-Nine: Season 6: The Suicide Squad","19/07/2020"
"Brooklyn Nine-Nine: Season 6: Sicko","19/07/2020"
"Brooklyn Nine-Nine: Season 6: Cinco de Mayo","19/07/2020"
"Brooklyn Nine-Nine: Season 6: Return of the King","18/07/2020"
"Brooklyn Nine-Nine: Season 6: Ticking Clocks","18/07/2020"
"Brooklyn Nine-Nine: Season 6: The Bimbo","18/07/2020"
"Brooklyn Nine-Nine: Season 6: Casecation","16/07/2020"
"Brooklyn Nine-Nine: Season 6: The Therapist","15/07/2020"
"Brooklyn Nine-Nine: Season 6: Gintars","15/07/2020"
"Brooklyn Nine-Nine: Season 6: The Golden Child","14/07/2020"
"Brooklyn Nine-Nine: Season 6: He Said, She Said","11/07/2020"
"Jim Jefferies: This Is Me Now","02/07/2020"
"Kevin Hart: I'm a Grown Little Man","02/07/2020"
"Hannah Gadsby: Nanette","30/06/2020"
"Friends: Season 9: The One with Rachel's Other Sister","28/06/2020"
"Friends: Season 9: The One with Ross' Inappropriate Song","27/06/2020"
"Friends: Season 9: The One with the Male Nanny","27/06/2020"
"Friends: Season 9: The One with Phoebe's Birthday Dinner","26/06/2020"
"Friends: Season 9: The One with the Sharks","26/06/2020"
"Friends: Season 9: The One with the Pediatrician","10/06/2020"
"Friends: Season 9: The One Where Emma Cries","10/06/2020"
"Friends: Season 9: The One Where No One Proposes","10/06/2020"
"Friends: Season 8: The One Where Rachel Has a Baby: Part 2","10/06/2020"
"Friends: Season 8: The One Where Rachel Has a Baby: Part 1","10/06/2020"
"Fullmetal Alchemist: Brotherhood: Part 2: Envoy from the East","06/06/2020"
"Fullmetal Alchemist: Brotherhood: Part 2: Those Who Lurk Underground","06/06/2020"
"Friends: Season 8: The One Where Rachel Is Late","06/06/2020"
"Friends: Season 8: The One with the Cooking Class","06/06/2020"
"Friends: Season 8: The One with the Baby Shower","06/06/2020"
"Friends: Season 8: The One with Joey's Interview","05/06/2020"
"How I Met Your Mother: Season 8: The Stamp Tramp","05/06/2020"
"Friends: Season 8: The One in Massapequa","04/06/2020"
"Friends: Season 8: The One with the Tea Leaves","04/06/2020"
"Friends: Season 8: The One Where Joey Tells Rachel","02/06/2020"
"How I Met Your Mother: Season 6: Canning Randy","28/05/2020"
"Fullmetal Alchemist: Brotherhood: Part 1: Beasts of Dublith","27/05/2020"
"Fullmetal Alchemist: Brotherhood: Part 1: One is All, All is One","27/05/2020"
"Fullmetal Alchemist: Brotherhood: Part 1: Miracle at Rush Valley","27/05/2020"
"Fullmetal Alchemist: Brotherhood: Part 1: Separate Destinations","27/05/2020"
"Fullmetal Alchemist: Brotherhood: Part 1: Created Feelings","27/05/2020"
"Friends: Season 8: The One with the Birthing Video","25/05/2020"
"Friends: Season 8: The One with the Secret Closet","23/05/2020"
"Friends: Season 8: The One Where Chandler Takes a Bath","23/05/2020"
"Friends: Season 8: The One Where Joey Dates Rachel","23/05/2020"
"Friends: Season 8: The One with the Creepy Holiday Card","23/05/2020"
"Fullmetal Alchemist: Brotherhood: Part 1: The Fifth Laboratory","23/05/2020"
"Fullmetal Alchemist: Brotherhood: Part 1: Hidden Truths","22/05/2020"
"Friends: Season 8: The One with Monica's Boots","19/05/2020"
"Friends: Season 8: The One with the Rumor","19/05/2020"
"Fullmetal Alchemist: Brotherhood: Part 1: Road of Hope","16/05/2020"
"Fullmetal Alchemist: Brotherhood: Part 1: Rain of Sorrows","16/05/2020"
"Friends: Season 8: The One with the Stripper","16/05/2020"
"Community: Season 3: Geography of Global Conflict","16/05/2020"
"Community: Season 3: Biology 101","16/05/2020"
"Fullmetal Alchemist: Brotherhood: Part 1: An Alchemist's Anguish","15/05/2020"
"Community: Season 2: For a Few Paintballs More","15/05/2020"
"Community: Season 2: A Fist Full of Paintballs","15/05/2020"
"Community: Season 2: Applied Anthropology and Culinary Arts","15/05/2020"
"She-Ra and the Princesses of Power: Season 5: Horde Prime","15/05/2020"
"She-Ra and the Princesses of Power: Season 4: Destiny Part 2","15/05/2020"
"She-Ra and the Princesses of Power: Season 4: The Coronation","15/05/2020"
"Community: Season 2: Paradigms of Human Memory","15/05/2020"
"Community: Season 2: Competitive Wine Tasting","15/05/2020"
"Community: Season 2: Critical Film Studies","15/05/2020"
"Community: Season 2: Custody Law and Eastern European Diplomacy","15/05/2020"
"Community: Season 2: Intro to Political Science","14/05/2020"
"Community: Season 2: Intermediate Documentary Filmmaking","14/05/2020"
"Community: Season 2: Early 21st Century Romanticism","14/05/2020"
"Fullmetal Alchemist: Brotherhood: Part 1: City of Heresy","14/05/2020"
"Fullmetal Alchemist: Brotherhood: Part 1: The First Day","14/05/2020"
"Fullmetal Alchemist: Brotherhood: Part 1: Fullmetal Alchemist","14/05/2020"
"Community: Season 2: Advanced Dungeons and Dragons","14/05/2020"
"Community: Season 2: Celebrity Pharmacology","14/05/2020"
"Community: Season 2: Asian Population Studies","14/05/2020"
"Community: Season 2: Abed's Uncontrollable Christmas","14/05/2020"
"Community: Season 2: Mixology Certification","14/05/2020"
"Community: Season 2: Conspiracy Theories and Interior Design","14/05/2020"
"Community: Season 2: Cooperative Calligraphy","13/05/2020"
"Community: Season 2: Aerodynamics of Gender","13/05/2020"
"Community: Season 2: Epidemiology","13/05/2020"
"Community: Season 2: Messianic Myths and Ancient Peoples","13/05/2020"
"Community: Season 2: Basic Rocket Science","13/05/2020"
"Community: Season 2: The Psychology of Letting Go","13/05/2020"
"Community: Season 2: Accounting for Lawyers","13/05/2020"
"Community: Season 2: Anthropology 101","13/05/2020"
"Community: Season 1: Pascal's Triangle Revisited","13/05/2020"
"Community: Season 1: English as a Second Language","13/05/2020"
"Community: Season 1: Modern Warfare","13/05/2020"
"Community: Season 1: The Art of Discourse","13/05/2020"
"Community: Season 1: Contemporary American Poultry","13/05/2020"
"Community: Season 1: The Science of Illusion","13/05/2020"
"Community: Season 1: Beginner Pottery","13/05/2020"
"Community: Season 1: Basic Genealogy","13/05/2020"
"Community: Season 1: Physical Education","13/05/2020"
"Community: Season 1: Communication Studies","13/05/2020"
"Community: Season 1: Romantic Expressionism","13/05/2020"
"Community: Season 1: Interpretive Dance","12/05/2020"
"Community: Season 1: Investigative Journalism","12/05/2020"
"Community: Season 1: Comparative Religion","12/05/2020"
"Community: Season 1: The Politics of Human Sexuality","12/05/2020"
"Community: Season 1: Environmental Science","12/05/2020"
"Community: Season 1: Debate 109","12/05/2020"
"Community: Season 1: Home Economics","12/05/2020"
"Community: Season 1: Introduction to Statistics","12/05/2020"
"Community: Season 1: Football, Feminism and You","12/05/2020"
"Community: Season 1: Advanced Criminal Law","11/05/2020"
"Community: Season 1: Social Psychology","11/05/2020"
"Community: Season 1: Introduction to Film","11/05/2020"
"Community: Season 1: Spanish 101","11/05/2020"
"Community: Season 1: Community","11/05/2020"
"Brooklyn Nine-Nine: Season 3: Greg and Larry","10/05/2020"
"Brooklyn Nine-Nine: Season 3: The Bureau","10/05/2020"
"Friends: Season 8: The One with the Stain","10/05/2020"
"BEASTARS: Season 1: In the Storm's Wake","08/05/2020"
"BEASTARS: Season 1: To the Neon District","08/05/2020"
"BEASTARS: Season 1: A Wolf in Sheep's Clothing","08/05/2020"
"BEASTARS: Season 1: Into the Lion's Den","08/05/2020"
"Erased: Season 1: Flashing Before My Eyes","07/05/2020"
"BEASTARS: Season 1: Caught like Floss in a Canine's Teeth","07/05/2020"
"BEASTARS: Season 1: Below the Fur Coat","07/05/2020"
"BEASTARS: Season 1: Blurred Vision – Dream or Reality?","07/05/2020"
"Friends: Season 8: The One with the Halloween Party","07/05/2020"
"BEASTARS: Season 1: Two Sides to the Story","07/05/2020"
"BEASTARS: Season 1: Give it Your All","07/05/2020"
"Friends: Season 8: The One with Rachel's Date","07/05/2020"
"Friends: Season 8: The One with the Videotape","07/05/2020"
"Friends: Season 8: The One Where Rachel Tells ...","07/05/2020"
"Friends: Season 8: The One with the Red Sweater","07/05/2020"
"Friends: Season 8: The One After I Do","06/05/2020"
"Friends: Season 7: The One with Chandler and Monica's Wedding: Part 2","05/05/2020"
"Friends: Season 7: The One with Chandler and Monica's Wedding: Part 1","05/05/2020"
"Friends: Season 7: The One with Chandler's Dad","05/05/2020"
"Friends: Season 7: The One with the Vows","05/05/2020"
"Friends: Season 7: The One with Rachel's Big Kiss","05/05/2020"
"Brooklyn Nine-Nine: Season 5: Game Night","05/05/2020"
"Brooklyn Nine-Nine: Season 5: 99","05/05/2020"
"Brooklyn Nine-Nine: Season 5: Return to Skyfire","05/05/2020"
"Brooklyn Nine-Nine: Season 5: Two Turkeys","04/05/2020"
"Brooklyn Nine-Nine: Season 5: The Venue","04/05/2020"
"Brooklyn Nine-Nine: Season 5: Bad Beat","04/05/2020"
"Brooklyn Nine-Nine: Season 5: HalloVeen","04/05/2020"
"Brooklyn Nine-Nine: Season 5: Kicks","04/05/2020"
"Brooklyn Nine-Nine: Season 5: The Big House, Pt. 2","04/05/2020"
"Brooklyn Nine-Nine: Season 5: The Big House, Pt. 1","04/05/2020"
"Brooklyn Nine-Nine: Season 4: Crime & Punishment","04/05/2020"
"Brooklyn Nine-Nine: Season 4: The Bank Job","04/05/2020"
"Brooklyn Nine-Nine: Season 4: The Slaughterhouse","04/05/2020"
"Brooklyn Nine-Nine: Season 4: Your Honor","04/05/2020"
"Brooklyn Nine-Nine: Season 4: Chasing Amy","04/05/2020"
"Brooklyn Nine-Nine: Season 4: Cop-Con","04/05/2020"
"Brooklyn Nine-Nine: Season 4: Moo Moo","03/05/2020"
"Brooklyn Nine-Nine: Season 4: The Last Ride","03/05/2020"
"Brooklyn Nine-Nine: Season 4: Serve & Protect","03/05/2020"
"Brooklyn Nine-Nine: Season 4: The Audit","03/05/2020"
"Brooklyn Nine-Nine: Season 4: The Fugitive: Part 2","03/05/2020"
"Brooklyn Nine-Nine: Season 4: The Overmining","03/05/2020"
"Brooklyn Nine-Nine: Season 4: Skyfire Cycle","03/05/2020"
"Brooklyn Nine-Nine: Season 4: Mr. Santiago","03/05/2020"
"Brooklyn Nine-Nine: Season 4: Monster in the Closet","03/05/2020"
"Brooklyn Nine-Nine: Season 4: Halloween IV","02/05/2020"
"Brooklyn Nine-Nine: Season 4: The Night Shift","02/05/2020"
"Brooklyn Nine-Nine: Season 4: Coral Palms: Part 3","02/05/2020"
"Brooklyn Nine-Nine: Season 4: Coral Palms: Part 2","02/05/2020"
"Brooklyn Nine-Nine: Season 4: Coral Palms: Part 1","02/05/2020"
"Brooklyn Nine-Nine: Season 3: Maximum Security","02/05/2020"
"Brooklyn Nine-Nine: Season 3: Paranoia","02/05/2020"
"Brooklyn Nine-Nine: Season 3: Terry Kitties","02/05/2020"
"Brooklyn Nine-Nine: Season 3: Cheddar","02/05/2020"
"Brooklyn Nine-Nine: Season 3: Adrian Pimento","02/05/2020"
"Brooklyn Nine-Nine: Season 3: House Mouses","02/05/2020"
"Brooklyn Nine-Nine: Season 3: The 9-8","02/05/2020"
"Brooklyn Nine-Nine: Season 3: Karen Peralta","01/05/2020"
"Brooklyn Nine-Nine: Season 2: Johnny and Dora","29/04/2020"
"Brooklyn Nine-Nine: Season 1: Pilot","29/04/2020"
"Brooklyn Nine-Nine: Season 2: The Chopper","29/04/2020"
"Brooklyn Nine-Nine: Season 2: Det. Dave Majors","29/04/2020"
"Brooklyn Nine-Nine: Season 2: AC/DC","29/04/2020"
"Brooklyn Nine-Nine: Season 2: Sabotage","29/04/2020"
"Brooklyn Nine-Nine: Season 2: Captain Peralta","29/04/2020"
"Brooklyn Nine-Nine: Season 2: Boyle-Linetti Wedding","29/04/2020"
"Brooklyn Nine-Nine: Season 2: The Wednesday Incident","29/04/2020"
"Brooklyn Nine-Nine: Season 2: Windbreaker City","28/04/2020"
"Brooklyn Nine-Nine: Season 2: The Defense Rests","28/04/2020"
"Brooklyn Nine-Nine: Season 2: Payback","28/04/2020"
"BEASTARS: Season 1: A Wolf is Born","27/04/2020"
"Brooklyn Nine-Nine: Season 2: Beach House","27/04/2020"
"Brooklyn Nine-Nine: Season 2: Stakeout","27/04/2020"
"Brooklyn Nine-Nine: Season 2: The Pontiac Bandit Returns","27/04/2020"
"Brooklyn Nine-Nine: Season 2: The Road Trip","27/04/2020"
"Brooklyn Nine-Nine: Season 2: USPIS","27/04/2020"
"Brooklyn Nine-Nine: Season 2: Lockdown","27/04/2020"
"Brooklyn Nine-Nine: Season 2: Jake and Sophia","27/04/2020"
"Brooklyn Nine-Nine: Season 2: The Mole","27/04/2020"
"Brooklyn Nine-Nine: Season 2: Halloween II","27/04/2020"
"Brooklyn Nine-Nine: Season 2: The Jimmy Jab Games","27/04/2020"
"Brooklyn Nine-Nine: Season 2: Chocolate Milk","27/04/2020"
"Brooklyn Nine-Nine: Season 2: Undercover","26/04/2020"
"Brooklyn Nine-Nine: Season 1: Charges and Specs","26/04/2020"
"Brooklyn Nine-Nine: Season 1: Unsolvable","26/04/2020"
"Brooklyn Nine-Nine: Season 1: Fancy Brudgom","26/04/2020"
"Brooklyn Nine-Nine: Season 1: The Ebony Falcon","26/04/2020"
"Brooklyn Nine-Nine: Season 1: The Bet","26/04/2020"
"Brooklyn Nine-Nine: Season 1: Pontiac Bandit","26/04/2020"
"Brooklyn Nine-Nine: Season 1: Christmas","25/04/2020"
"Brooklyn Nine-Nine: Season 1: Thanksgiving","25/04/2020"
"Brooklyn Nine-Nine: Season 1: Sal's Pizza","25/04/2020"
"Brooklyn Nine-Nine: Season 1: Old School","25/04/2020"
"Brooklyn Nine-Nine: Season 1: 48 Hours","25/04/2020"
"Brooklyn Nine-Nine: Season 1: Halloween","25/04/2020"
"Brooklyn Nine-Nine: Season 1: The Vulture","25/04/2020"
"Brooklyn Nine-Nine: Season 1: M.E. Time","25/04/2020"
"Brooklyn Nine-Nine: Season 1: The Slump","25/04/2020"
"Brooklyn Nine-Nine: Season 1: The Tagger","24/04/2020"
"Friends: Season 7: The One with Ross and Monica's Cousin","24/04/2020"
"Friends: Season 7: The One with Joey's Award","24/04/2020"
"Friends: Season 7: The One with the Cheap Wedding Dress","24/04/2020"
"Friends: Season 7: The One with the Truth About London","24/04/2020"
"Friends: Season 7: The One with Joey's New Brain","24/04/2020"
"BEASTARS: Season 1: The Academy’s Top Dogs","24/04/2020"
"BEASTARS: Season 1: The Moon and the Beast","24/04/2020"
"Friends: Season 7: The One Where They All Turn Thirty","17/04/2020"
"Pokémon The Series: Indigo League: Season 1: Pokémon - I Choose You!","11/04/2020"
"Space Jam","11/04/2020"
"Friends: Season 7: The One Where Rosita Dies","03/04/2020"
"Friends: Season 7: The One Where They're Up All Night","03/04/2020"
"Friends: Season 7: The One with All the Cheesecakes","01/04/2020"
"Friends: Season 7: The One with the Holiday Armadillo","31/03/2020"
"Friends: Season 7: The One with All the Candy","31/03/2020"
"Friends: Season 7: The One Where Chandler Doesn't Like Dogs","31/03/2020"
"Friends: Season 7: The One with Ross' Library Book","30/03/2020"
"Friends: Season 7: The One with the Nap Partners","30/03/2020"
"Friends: Season 7: The One with the Engagement Picture","30/03/2020"
"Fate/Apocrypha: Part 1: Life's Cost, Death's Redemption","30/03/2020"
"Fate/EXTRA Last Encore: Oblitus Copernican Theory: Praeteritus Limbus Vorago","30/03/2020"
"Friends: Season 7: The One with Rachel's Assistant","28/03/2020"
"Friends: Season 7: The One with Phoebe's Cookies","28/03/2020"
"Fate/Apocrypha: Part 1: The First Steps of Fate","28/03/2020"
"Fate/Apocrypha: Part 1: The Saint Departs","28/03/2020"
"Friends: Season 7: The One with Rachel's Book","26/03/2020"
"Friends: Season 7: The One with Monica's Thunder","25/03/2020"
"Friends: Season 6: The One with the Proposal: Part 2","25/03/2020"
"Friends: Season 6: The One with the Proposal: Part 1","22/03/2020"
"Friends: Season 6: The One with the Ring","22/03/2020"
"Fate/Zero: Season 1: The Mage-Slayer","20/03/2020"
"Friends: Season 6: The One Where Paul's the Man","18/03/2020"
"Friends: Season 6: The One Where Ross Meets Elizabeth's Dad","17/03/2020"
"Friends: Season 6: The One with Mac and C.H.E.E.S.E","17/03/2020"
"Friends: Season 6: The One with Joey's Fridge","17/03/2020"
"Friends: Season 6: The One Where Ross Dates a Student","17/03/2020"
"Friends: Season 6: The One with Unagi","13/03/2020"
"Friends: Season 6: The One That Could Have Been: Part 2","11/03/2020"
"Friends: Season 6: The One That Could Have Been: Part 1","11/03/2020"
"Friends: Season 6: The One Where Chandler Can't Cry","11/03/2020"
"Friends: Season 6: The One with Rachel's Sister","11/03/2020"
"Friends: Season 6: The One with the Joke","11/03/2020"
"Friends: Season 6: The One with the Apothecary Table","11/03/2020"
"Friends: Season 6: The One with the Routine","09/03/2020"
"Friends: Season 6: The One Where Ross Got High","09/03/2020"
"Friends: Season 6: The One with Ross's Teeth","08/03/2020"
"Bakugan: Battle Planet: Awesome vs. AAAnimus","08/03/2020"
"Bakugan: Battle Planet: Hostile Take Over/The Big Bounce","08/03/2020"
"Bakugan: Battle Planet: High Flying Hostiles/Backfire Brawl","08/03/2020"
"Bakugan: Battle Planet: Career Opportunities/Punch the Clock","08/03/2020"
"Bakugan: Battle Planet: The Throw Down/Brawl for It All","08/03/2020"
"Bakugan: Battle Planet: A Real Steal/Lightning Unleashed","08/03/2020"
"Bakugan: Battle Planet: Tripped Up/Power Tripp","08/03/2020"
"Bakugan: Battle Planet: Framing Device/Bad Actors","08/03/2020"
"Bakugan: Battle Planet: Shun Shine/Ronin Son","08/03/2020"
"Bakugan: Battle Planet: Subterranean Homesick Blues/Honey Struck","08/03/2020"
"Bakugan: Battle Planet: Matter of the Mind/Core Cell","08/03/2020"
"Bakugan: Battle Planet: All Jungled Up/Outer Demons","08/03/2020"
"Bakugan: Battle Planet: Stratified/Maze Daze","08/03/2020"
"Bakugan: Battle Planet: Dawn Before Dusk","08/03/2020"
"Bakugan: Battle Planet: Fathers and Friends/Midsummer Nightmare","08/03/2020"
"Bakugan: Battle Planet: Home on the Run/Top Slot","08/03/2020"
"Bakugan: Battle Planet: Mask of Power/Story Holes","08/03/2020"
"Bakugan: Battle Planet: Babysitting Bedlam/Rubbed the Wrong Way","08/03/2020"
"Bakugan: Battle Planet: Mr. Moon/What's Wrong with Dan","08/03/2020"
"Bakugan: Battle Planet: The Exit/The Lost and the Cost","08/03/2020"
"Bakugan: Battle Planet: Dog Daze/In Focus","08/03/2020"
"Bakugan: Battle Planet: Frenemies/Strata's Fear","08/03/2020"
"Bakugan: Battle Planet: Local Heroes/Pegatrix","08/03/2020"
"Bakugan: Battle Planet: Bully for You/Trolling for Laughs","08/03/2020"
"Bakugan: Battle Planet: Burger Run/Monkey See Monkey Don't","08/03/2020"
"Bakugan: Battle Planet: Origin of Species","08/03/2020"
"Friends: Season 6: The One Where Phoebe Runs","07/03/2020"
"Friends: Season 6: The One on the Last Night","06/03/2020"
"Friends: Season 6: The One with Joey's Porsche","06/03/2020"
"Friends: Season 6: The One Where Joey Loses His Insurance","06/03/2020"
"Friends: Season 6: The One with Ross's Denial","06/03/2020"
"Friends: Season 6: The One Where Ross Hugs Rachel","06/03/2020"
"Friends: Season 6: The One After Vegas","06/03/2020"
"Friends: Season 5: The One in Vegas: Part 2","06/03/2020"
"Friends: Season 5: The One in Vegas: Part 1","06/03/2020"
"Friends: Season 5: The One with Joey's Big Break","06/03/2020"
"Friends: Season 5: The One with the Ball","05/03/2020"
"Friends: Season 5: The One with the Ride-Along","05/03/2020"
"Friends: Season 5: The One Where Ross Can't Flirt","27/02/2020"
"Friends: Season 5: The One Where Rachel Smokes","27/02/2020"
"Friends: Season 5: The One with Rachel's Inadvertent Kiss","27/02/2020"
"Friends: Season 5: The One with the Cop","26/02/2020"
"Friends: Season 5: The One with the Girl Who Hits Joey","24/02/2020"
"Friends: Season 5: The One Where Everybody Finds Out","24/02/2020"
"Friends: Season 5: The One with Joey's Bag","24/02/2020"
"Friends: Season 5: The One with Chandler's Work Laugh","24/02/2020"
"Friends: Season 5: The One with All the Resolutions","24/02/2020"
"Friends: Season 5: The One with the Inappropriate Sister","23/02/2020"
"Friends: Season 5: The One with Ross's Sandwich","23/02/2020"
"Friends: Season 5: The One with All the Thanksgivings","23/02/2020"
"Friends: Season 5: The One Where Ross Moves In","22/02/2020"
"Friends: Season 5: The One with the Yeti","17/02/2020"
"Friends: Season 5: The One with the Kips","17/02/2020"
"Friends: Season 5: The One Where Phoebe Hates PBS","17/02/2020"
"Friends: Season 5: The One Hundredth","15/02/2020"
"Friends: Season 5: The One with All the Kissing","15/02/2020"
"Friends: Season 5: The One After Ross Says Rachel","15/02/2020"
"Friends: Season 4: The One with Ross's Wedding: Part 2","15/02/2020"
"Friends: Season 4: The One with Ross's Wedding: Part 1","15/02/2020"
"Friends: Season 4: The One with the Worst Best Man Ever","15/02/2020"
"Friends: Season 4: The One with the Invitation","15/02/2020"
"Friends: Season 4: The One with the Wedding Dresses","15/02/2020"
"Friends: Season 4: The One with All the Haste","13/02/2020"
"Friends: Season 4: The One with Rachel's New Dress","13/02/2020"
"Friends: Season 4: The One with the Free Porn","12/02/2020"
"Friends: Season 4: The One with the Fake Party","12/02/2020"
"Friends: Season 4: The One with All the Rugby","12/02/2020"
"Friends: Season 4: The One with Joey's Dirty Day","11/02/2020"
"Friends: Season 4: The One with Rachel's Crush","11/02/2020"
"Friends: Season 4: The One with the Embryos","11/02/2020"
"Friends: Season 4: The One with Phoebe's Uterus","10/02/2020"
"Friends: Season 4: The One with the Girl from Poughkeepsie","10/02/2020"
"Friends: Season 4: The One Where They're Going to Party","10/02/2020"
"Friends: Season 4: The One with Chandler in a Box","10/02/2020"
"Friends: Season 4: The One Where Chandler Crosses the Line","09/02/2020"
"Friends: Season 4: The One with the Dirty Girl","09/02/2020"
"Friends: Season 4: The One with Joey's New Girlfriend","09/02/2020"
"Friends: Season 4: The One with the Ballroom Dancing","09/02/2020"
"Friends: Season 4: The One with the 'Cuffs","09/02/2020"
"Fate/Apocrypha: Part 1: Apocrypha: The Great Holy Grail War","07/02/2020"
"Friends: Season 4: The One with the Cat","07/02/2020"
"Friends: Season 4: The One with the Jellyfish","07/02/2020"
"Friends: Season 3: The One at the Beach","05/02/2020"
"Friends: Season 3: The One with the Ultimate Fighting Champion","05/02/2020"
"Friends: Season 3: The One with Ross's Thing","05/02/2020"
"Friends: Season 3: The One with the Screamer","05/02/2020"
"Friends: Season 3: The One with a Chick. And a Duck","05/02/2020"
"Fate/stay night: Unlimited Blade Works: Part 2: Epilogue","04/02/2020"
"Fate/stay night: Unlimited Blade Works: Part 2: Unlimited Blade Works","04/02/2020"
"Fate/stay night: Unlimited Blade Works: Part 2: Incarnation","04/02/2020"
"Fate/Zero: Season 1: The Fake First Shot","05/08/2019"
"Fate/Zero: Season 1: The Summoning of Heroes","05/08/2019"
"The Umbrella Academy: Season 1: We Only See Each Other at Weddings and Funerals","05/08/2019"
"Dirk Gently's Holistic Detective Agency: Season 1: Very Erectus","05/08/2019"
"Up","05/08/2019"
"How I Met Your Mother: Season 9: Last Forever: Part Two","03/08/2019"
"How I Met Your Mother: Season 9: Last Forever: Part One","03/08/2019"
"How I Met Your Mother: Season 9: The End of the Aisle","03/08/2019"
"How I Met Your Mother: Season 9: Gary Blauman","03/08/2019"
"How I Met Your Mother: Season 9: Daisy","03/08/2019"
"How I Met Your Mother: Season 9: Vesuvius","03/08/2019"
"How I Met Your Mother: Season 9: Rally","03/08/2019"
"How I Met Your Mother: Season 9: Sunrise","03/08/2019"
"How I Met Your Mother: Season 9: How Your Mother Met Me","03/08/2019"
"How I Met Your Mother: Season 9: Unpause","03/08/2019"
"How I Met Your Mother: Season 9: Slapsgiving 3: Slappointment in Slapmarra","03/08/2019"
"How I Met Your Mother: Season 9: Bass Player Wanted","03/08/2019"
"How I Met Your Mother: Season 9: The Rehearsal Dinner","03/08/2019"
"How I Met Your Mother: Season 9: Bedtime Stories","03/08/2019"
"How I Met Your Mother: Season 9: Mom and Dad","03/08/2019"
"How I Met Your Mother: Season 9: Platonish","03/08/2019"
"How I Met Your Mother: Season 9: The Lighthouse","03/08/2019"
"How I Met Your Mother: Season 9: No Questions Asked","03/08/2019"
"How I Met Your Mother: Season 9: Knight Vision","03/08/2019"
"How I Met Your Mother: Season 9: The Poker Game","03/08/2019"
"How I Met Your Mother: Season 9: The Broken Code","03/08/2019"
"How I Met Your Mother: Season 9: Last Time in New York","03/08/2019"
"How I Met Your Mother: Season 9: Coming Back","03/08/2019"
"How I Met Your Mother: Season 9: The Locket","03/08/2019"
"How I Met Your Mother: Season 8: Something New","03/08/2019"
"How I Met Your Mother: Season 8: Something Old","03/08/2019"
"How I Met Your Mother: Season 8: The Bro Mitzvah","03/08/2019"
"How I Met Your Mother: Season 8: Romeward Bound","03/08/2019"
"How I Met Your Mother: Season 8: The Time Travelers","03/08/2019"
"How I Met Your Mother: Season 8: The Fortress","03/08/2019"
"How I Met Your Mother: Season 8: Weekend at Barney's","03/08/2019"
"How I Met Your Mother: Season 8: The Ashtray","03/08/2019"
"How I Met Your Mother: Season 8: Bad Crazy","03/08/2019"
"How I Met Your Mother: Season 8: P.S. I Love You","03/08/2019"
"How I Met Your Mother: Season 8: Ring Up!","02/08/2019"
"How I Met Your Mother: Season 8: Band or DJ?","02/08/2019"
"How I Met Your Mother: Season 8: The Final Page: Part 2","02/08/2019"
"How I Met Your Mother: Season 8: The Final Page: Part 1","02/08/2019"
"How I Met Your Mother: Season 8: The Over-Correction","02/08/2019"
"How I Met Your Mother: Season 8: Lobster Crawl","02/08/2019"
"She-Ra and the Princesses of Power: Season 3: The Portal","02/08/2019"
"She-Ra and the Princesses of Power: Season 3: Remember","02/08/2019"
"She-Ra and the Princesses of Power: Season 3: Moment of Truth","02/08/2019"
"She-Ra and the Princesses of Power: Season 3: Once Upon a Time in the Waste","02/08/2019"
"She-Ra and the Princesses of Power: Season 3: Huntara","02/08/2019"
"She-Ra and the Princesses of Power: Season 3: The Price of Power","02/08/2019"
"How I Met Your Mother: Season 8: Twelve Horny Women","02/08/2019"
"How I Met Your Mother: Season 8: Splitsville","02/08/2019"
"How I Met Your Mother: Season 8: The Autumn of Break-Ups","02/08/2019"
"How I Met Your Mother: Season 8: Who Wants to Be a Godparent?","01/08/2019"
"How I Met Your Mother: Season 8: Nannies","01/08/2019"
"How I Met Your Mother: Season 8: The Pre-Nup","01/08/2019"
"How I Met Your Mother: Season 8: Farhampton","01/08/2019"
"How I Met Your Mother: Season 7: The Magician's Code Part 2","01/08/2019"
"How I Met Your Mother: Season 7: The Magician's Code Part 1","01/08/2019"
"How I Met Your Mother: Season 7: Good Crazy","01/08/2019"
"How I Met Your Mother: Season 7: Now We're Even","01/08/2019"
"How I Met Your Mother: Season 7: Trilogy Time","31/07/2019"
"The Big Bang Theory: Season 11: The Bow Tie Asymmetry","31/07/2019"
"The Big Bang Theory: Season 11: The Sibling Realignment","31/07/2019"
"The Big Bang Theory: Season 11: The Monetary Insufficiency","31/07/2019"
"The Big Bang Theory: Season 11: The Comet Polarization","30/07/2019"
"The Big Bang Theory: Season 11: The Reclusive Potential","30/07/2019"
"The Big Bang Theory: Season 11: The Tenant Disassociation","30/07/2019"
"The Big Bang Theory: Season 11: The Gates Excitation","30/07/2019"
"The Big Bang Theory: Season 11: The Athenaeum Allocation","30/07/2019"
"The Big Bang Theory: Season 11: The Neonatal Nomenclature","30/07/2019"
"The Big Bang Theory: Season 11: The Novelization Correlation","30/07/2019"
"The Big Bang Theory: Season 11: The Separation Triangulation","30/07/2019"
"The Big Bang Theory: Season 11: The Solo Oscillation","30/07/2019"
"The Big Bang Theory: Season 11: The Matrimonial Metric","30/07/2019"
"The Big Bang Theory: Season 11: The Celebration Reverberation","30/07/2019"
"The Big Bang Theory: Season 11: The Confidence Erosion","30/07/2019"
"The Big Bang Theory: Season 11: The Bitcoin Entanglement","30/07/2019"
"The Big Bang Theory: Season 11: The Tesla Recoil","30/07/2019"
"The Big Bang Theory: Season 11: The Geology Methodology","30/07/2019"
"The Big Bang Theory: Season 11: The Proton Regeneration","30/07/2019"
"The Big Bang Theory: Season 11: The Collaboration Contamination","30/07/2019"
"The Big Bang Theory: Season 11: The Explosion Implosion","30/07/2019"
"The Big Bang Theory: Season 11: The Relaxation Integration","30/07/2019"
"The Big Bang Theory: Season 11: The Retraction Reaction","30/07/2019"
"The Big Bang Theory: Season 11: The Proposal Proposal","30/07/2019"
"The Big Bang Theory: Season 10: The Long Distance Dissonance","30/07/2019"
"The Big Bang Theory: Season 10: The Gyroscopic Collapse","30/07/2019"
"The Big Bang Theory: Season 10: The Cognition Regeneration","29/07/2019"
"The Big Bang Theory: Season 10: The Separation Agitation","29/07/2019"
"The Big Bang Theory: Season 10: The Recollection Dissipation","29/07/2019"
"The Big Bang Theory: Season 10: The Collaboration Fluctuation","29/07/2019"
"The Big Bang Theory: Season 10: The Escape Hatch Identification","29/07/2019"
"The Big Bang Theory: Season 10: The Comic-Con Conundrum","29/07/2019"
"The Big Bang Theory: Season 10: The Allowance Evaporation","29/07/2019"
"Dirk Gently's Holistic Detective Agency: Season 1: Watkin","07/06/2019"
"Dirk Gently's Holistic Detective Agency: Season 1: Rogue Wall Enthusiasts","07/06/2019"
"Dirk Gently's Holistic Detective Agency: Season 1: Lost & Found","07/06/2019"
"Dirk Gently's Holistic Detective Agency: Season 1: Horizons","07/06/2019"
"Ingress: The Animation: Season 1: Begin - Danger - Message","20/05/2019"
"LEGO: Marvel Super Heroes: Maximum Overload","20/05/2019"
"She-Ra and the Princesses of Power: Season 2: Reunion","08/05/2019"
"She-Ra and the Princesses of Power: Season 2: Light Spinner","08/05/2019"
"She-Ra and the Princesses of Power: Season 2: White Out","08/05/2019"
"She-Ra and the Princesses of Power: Season 2: Roll With It","08/05/2019"
"She-Ra and the Princesses of Power: Season 2: Signals","08/05/2019"
"She-Ra and the Princesses of Power: Season 2: Ties That Bind","08/05/2019"
"She-Ra and the Princesses of Power: Season 2: The Frozen Forest","08/05/2019"
"She-Ra and the Princesses of Power: Season 1: The Battle of Bright Moon","07/05/2019"
"She-Ra and the Princesses of Power: Season 1: Light Hope","07/05/2019"
"She-Ra and the Princesses of Power: Season 1: Promise","07/05/2019"
"She-Ra and the Princesses of Power: Season 1: The Sword Part 1","07/05/2019"
"She-Ra and the Princesses of Power: Season 1: The Beacon","07/05/2019"
"She-Ra and the Princesses of Power: Season 1: No Princess Left Behind","07/05/2019"
"She-Ra and the Princesses of Power: Season 1: Princess Prom","07/05/2019"
"She-Ra and the Princesses of Power: Season 1: In the Shadows of Mystacor","07/05/2019"
"She-Ra and the Princesses of Power: Season 1: System Failure","07/05/2019"
"She-Ra and the Princesses of Power: Season 1: The Sea Gate","07/05/2019"
"She-Ra and the Princesses of Power: Season 1: Flowers for She-Ra","07/05/2019"
"She-Ra and the Princesses of Power: Season 1: Razz","07/05/2019"
"She-Ra and the Princesses of Power: Season 1: The Sword Part 2","07/05/2019"
"LEGO Marvel Super Heroes: Avengers Reassembled!","03/05/2019"
"Big Mouth: Season 2: Am I Normal?","03/05/2019"
"Big Mouth: Season 1: The Pornscape","03/05/2019"
"Disenchantment: Part 1: A Princess, an Elf, and a Demon Walk Into a Bar","03/05/2019"
"Sex Education: Season 1: Episode 8","03/05/2019"
"Sex Education: Season 1: Episode 6","03/05/2019"
"Sex Education: Season 1: Episode 7","02/05/2019"
"Sex Education: Season 1: Episode 5","02/05/2019"
"Sex Education: Season 1: Episode 4","02/05/2019"
"Sex Education: Season 1: Episode 3","02/05/2019"
"Sex Education: Season 1: Episode 2","01/05/2019"
"Sex Education: Season 1: Episode 1","01/05/2019"
"Castlevania: Season 1: Witchbottle","28/04/2019"
"The Seven Deadly Sins the Movie: Prisoners of the Sky","28/04/2019"
"Big Mouth: Season 1: I Survived Jessi's Bat Mitzvah","28/04/2019"
"Big Mouth: Season 1: The Head Push","28/04/2019"
"Big Mouth: Season 1: Requiem for a Wet Dream","28/04/2019"
"Big Mouth: Season 1: Ejaculation","28/04/2019"
